video_id,title,views,duration_sec,has_transcript,overall_sentiment,positive_pct,negative_pct,neutral_pct,key_topics
ai_wPHKNwuo,Are You Still Relaxing? The Major Powers Are Already Moving for War,7534,1161.0,True,negative,20,60,20,Iran crisis|war|global politics
EdSb_TKC3-E,Why Rich People Don't Pay Taxes — and You'll Pay Until You Die,3131,878.0,True,negative,20,60,20,pajak|kekuasaan pemerintah| Federal Reserve
nu4O_oG2Vlg,"Bitcoin Goes Up Even Though We Predicted It Would Go Down, and Here's Why We Still Don't Lose",4780,1475.0,True,positive,80,10,10,manajemen risiko|investasi Bitcoin
2dPFzib3RXI,"Gas Prices Rise, Lockdowns Return, Trump Changes | This Is No Coincidence",7580,782.0,True,negative,20,60,20,perang|pemerintah|lockdown
M0Id6BLAmwo,If Currencies Were Reset — Only These 6 Assets Would Still Have Value,5458,1203.0,True,positive,80,15,5,mata uang|krisis|emasc| Fiat
DLPoxOPRWrQ,Want to know when and at what price Bitcoin's lowest price is?,9862,655.0,True,positive,80,10,10,strategi melipat gandakan Bitcoin|matematika Bitcoin
_vRRCUSg7Eo,Before Celebrating Easter — Try to Find Out Its True Origins,2377,824.0,True,negative,20,60,20,Easter|government control
p3evGqvafCE,Kenapa Income Pasif Bukan Jawaban Kalau Modal Kamu Masih Kecil dan Harus Mulai dari Mana,3736,1338.0,True,positive,80,10,10,income|kebebasan finansial|investasi
x9NaCe0GUm8,"April 2026 Crypto Update: Oil Moonshot, Stocks Poised for a Correction — and Crypto Likely to Follow",7094,734.0,True,positive,80,10,10,perang Iran|pasar global|minyak
R1i9lyxpQXI,How to Make Money in the Market Using AI | Without Having to Look at Charts at All,3315,1067.0,True,positive,80,10,10,AI|investasi|penghasilan
tLWlnW5azys,April Will Be Violent | Minestack Crypto Predictions,8374,1124.0,True,positive,80,15,5,prediksi crypto|Bitcoin|saham
LuAgs7JNzL4,"Railway Bubble, Dot-Com Bubble, Now AI Bubble — and This Time Something's Different",4612,979.0,True,positive,80,10,10,AI bubble|market correction
cq-n4gXbYW4,Once Only Wall Street Could Do This — Now You Can with a Rp. 2 Million Mac Mini,3313,692.0,True,positive,90,5,5,perubahan pasar|adaptasi|keuntungan
nnuIeeQvw5M,"Dubai Plunges, Is Indonesia Next? Here's How to Tell the Difference Between a Property That Will ...",7974,859.0,True,positive,80,10,10,Dubai|property market|economy
NEmoRYuWZjs,AI Will Lay Off Almost Everyone — Here's a List of Jobs That Will Survive and Those That Won't,3771,865.0,True,negative,0,80,20,AI|robot|job market
IYGZutwbyRw,March is almost over and what comes after this is far more important than anything that happened.,9511,1185.0,True,positive,80,10,10,pola pikiran|perspektif|crypto
Pt_feLPQx-k,The Honest Answer: I Don't Know — And Why It Doesn't Matter At All,7410,801.0,True,positive,70,20,10,investasi Bitcoin|keputusan investasi
ZwNY4njnIDE,"Rumors of Netanyahu's Assassination in Iran — and if True, This Means This War Will Not End Soon",8444,1357.0,True,negative,20,60,20,Benjamin Netanyahu|Iran|Assassination
JhrHKMWBR1c,Before the Bull Run Really Starts | Here's the Most Powerful Way to Double Your Bitcoin,7937,787.0,True,positive,80,10,10,investasi|komoditas|ekonomi
_bfd25uZVM4,2026 Will Be Just Like 2022 — And Those Who Enter This Zone Will Reap the Most,9181,684.0,True,positive,90,5,5,crypto|market manipulation|2026
Mo5cmXBwpHg,"Jack Dorsey Lays Off Half His Staff | Not Because of Losses, But Because AI Has Replaced Them",3656,667.0,True,negative,10,80,10,AI|layoff|Jack Dorsey
eNp0Jggz2Ag,The People Who Said Bitcoin Was Up Because of Iran Are the Same People Who Said It Was Down Last ...,5500,961.0,True,positive,80,15,5,manipulasi pasar|market maker
kq0RrRdxtwg,An Iranian Missile Hits Dubai — and Everything I've Predicted Since 2022 Is Coming to Life,17147,1028.0,True,negative,10,80,10,Dubai|Iran|perang dunia
QpzyrbPt9tQ,Former CIA Agent Reveals How the Government Keeps People Poor and Submissive,25134,1169.0,True,negative,20,60,20,pemerintah|sistem ekonomi|masyarakat goblok
5gjO3FpvJBI,We Call You at the Bottom 4 Times in a Row — Here's How It Works,5651,656.0,True,positive,85,10,5,prediksi Bitcoin|flag pattern|berita
Lkjka0GUorU,The Signals That Appeared Before the 2008 and 1999 Crashes Are Now Repeating Themselves — But Thi...,17711,904.0,True,positive,80,10,10,bubble|emas|saham
xeGC4bcOzqY,"How to Manage THR So That One Day You're the One Paying THR, Not the One Receiving It",2697,672.0,True,positive,80,10,10,managing finances|financial independence
azekpsdJkhU,Things I Admire About Japan — and What Indonesia Should Emulate,2197,457.0,True,negative,20,60,20,budaya Jepang|imigran|multinationalism
1SlhHX8xGEU,It's Not About Iran — It's About the Collapse of the US Dollar and What It Means to Us,12109,1115.0,True,positive,70,20,10,perang Amerika lawan Iran|krisis ekonomi US dollar
gaM30H_NM88,Techniques Rich People Use to Stay One Step Ahead of the Market (And Profit),4064,846.0,True,positive,85,5,10,keuntungan|informasi|komputasi
JEaaM8Uj_fE,Crypto Predictions March 2026: Minestack Analysis,11882,843.0,True,positive,80,10,10,prediksi crypto|downtrend|beta aset
NHo1a-K9aiw,"4 Bulan Dari Sekarang, Semuanya Berubah...",124438,841.0,True,positive,80,10,10,opportunity|crisis
DHuIRzGRxVU,How Can Market Conditions Be Like This?,5526,697.0,True,negative,20,60,20,pasar|Bitcoin|crypto
g0io2IrDmJs,Why You Can't Resign or Quit Your Job,4002,1201.0,True,positive,80,10,10,sukses|pola hidup|leveling up
P8s1T82Fe_s,The Epstein Files Prove All Conspiracy Theories Are Real! They MUST Be Arrested!,4504,786.0,True,negative,20,60,20,conspiracy theories|politics|socioeconomic inequality
Q0VCFXgSvFE,Bitcoin Update Mid-February 2026: Beware of Market Maker Traps,6906,884.0,False,negative,20,60,20,Bitcoin|Market Maker Traps
cntNMqj8Tqo,2026 = The Year You Hit the Buy Button (If You Want to Get Rich),7407,864.0,False,positive,85,10,5,investasi|kekayaan
iDhiVQY8_MM,The Market Is Evolving — Without a System You Will Be Left Behind!,5275,742.0,True,positive,80,10,10,evolusi pasar|teknologi blockchain|tokenisasi aset
XGi8fNDaARA,Risk Management Strategy: Wrong -3% Right +20%,3139,997.0,True,positive,80,15,5,risk management|investasi|keuangan
4GxTzzcuUhA,Epstein Scandal Shakes Bitcoin? Or Just Cheap FUD?,4434,776.0,True,positive,70,20,10,FUD|Bitcoin|Jeffrey Epstein
GISzlGsrxGM,"Bitcoin $60Rb = ZONA ""GOBLOK KALAU GAK BELI""",10152,1063.0,True,positive,80,10,10,investasi Bitcoin|pencarian keuntungan
_5CXU8WTCm8,"Buy $1 Million Futures for Just $60,000 Today... Will Bitcoin Be Cheaper by February 2026?",19194,774.0,False,positive,80,10,10,investasi|futures|bitcoin
F-7RXnHeelE,Why 2026 Could Make You Rich in 2028,12995,805.0,True,positive,80,15,5,prediksi kekayaan|investasi|Bitcoin
Y-wlH-2kCCE,Crypto Predictions for February 2026: The Bear Market Continues! But How Long Will It Last?,15035,977.0,True,positive,80,10,10,prediksi crypto|bear market
2K3Q-t39Yo8,"Global Market Trend Predictions AFTER America Falls! Geopolitical, Business & Investment Outlook",11397,1691.0,True,positive,80,10,10,geopolitik|investasi|pemerintahan
ofQRmIgOUzA,How to Find Out How Much Bitcoin Profit Will Be in 2026 (Use This Free Tool),4602,769.0,True,positive,80,10,10,prediksi Bitcoin|siklus Bitcoin
YtaNgL_8tMA,"Doctors, Programmers, Lawyers?! AI Will Replace Them All!",2362,664.0,True,negative,20,60,20,AI replacement|job security
c16BwYJbKag,Bitcoin Update: Is It Time to Buy Again or Is It Just a Fake Pump? Late January 2026 Update,6329,859.0,True,mixed,60,30,10,Bitcoin|pump|breakout
IyL-yRVKT0I,Only the USA vs. China Conflict in 2026 Will Determine the Fate of the WHOLE World,9168,1142.0,True,positive,60,20,20,geopolitics|China|USA
vBOjqmha1vU,"If You're Stupid, Property Is Great! If You're a Girl, Property Is VERY Great!",2457,435.0,False,positive,80,0,20,property|gender
IPzbQASaHnc,How to Handle SCAM Cases According to Rich People vs Poor People - The Results Are DIFFERENT,2841,956.0,True,mixed,30,40,30,crypto|scams|influencer
gDy5oQyto30,Bitcoin Market Update January 2026: Time to Grab or Sell?,7376,841.0,True,positive,90,5,5,Bitcoin|perak silver
JWpVNDFNDqE,4 Signs Bitcoin Is Cheap and Ready to Be Snatched Up,13386,1058.0,False,positive,80,10,10,Bitcoin|investasi|minta
84rQEw0hgWE,Here's Why You MUST Get Rich Before the Digital Rupiah is Implemented...,20099,1058.0,True,negative,20,60,20,vaksinasi|social credit|pengaruh pemerintah
4amzD5prH_g,MADURO ARRESTED! What's Behind the American Invasion?!,12405,1470.0,True,negative,10,80,10,Venezuela|American invasion|Maduro arrest
x0e4INIXUb8,Bitcoin & Crypto Analysis for January 2026! When's the Time to BUY Bitcoin?,13361,1236.0,False,positive,80,10,10,Bitcoin|Crypto
NLIWKHFVjdc,"Rp100 Million Giveaway! If We're Wrong, One Random Subscriber Will Win Rp100 Million!",4181,895.0,True,positive,80,10,10,giveaway|prediksi|undian
j5OUMYB21O4,How to Reach Your First 100 Million in 2026 From Bitcoin & Gold,11659,980.0,False,positive,80,10,10,investasi|kemenangan
aftWuVnZRrY,Wealth Strategy in a Crisis: Own ONE of Everything! 2026 Goals,5819,893.0,True,positive,80,15,5,krisis|uang|goal
u4Wo33TkefE,"Waktu Buat Jadi Kaya ~ 900 Hari. Setelah Itu, AI Menggantikanmu.",5097,1016.0,True,negative,20,60,20,AI menggantikan manusia|efek samping
hQhyRdmTWlQ,Economic Crisis? Time to Get Rich!,9340,602.0,True,positive,80,15,5,strategi cuan|delta netral|arbitrage
IzB4iYZy5Ss,How to Buy at the Bottom of a Bear Market... The Difference Between a Bull and a Bear Market,3806,1070.0,True,negative,20,60,20,bear market|bull market|retail investors
pdrBZJXIub0,"If you have money, where can you spend it? If you don't have money, what should you do?",2068,1242.0,True,positive,80,10,10,investasi|keuangan|pengeluaran
i2NSqTzVjsM,A Simple But Effective 100M+ Trading System,2935,1176.0,True,positive,80,15,5,strategi trading|pasar
mZKRadfJQ_E,3 Must-Take Steps to Survive and Succeed in 2026!,3716,1269.0,True,positive,80,10,10,mindset|learning from past experiences|forecasting future opportunities
Jjz1KfrFkuo,"“ALL IN” Bahas Crypto, Relationships, Billionaire Mindset. with Vanessa Roschamomile",3228,2056.0,False,positive,85,10,5,crypto|relationships|billionaire mindset
DDGYz9-Shzw,Bear Market? Still Profitable! Here's the Best Way to Profit from Bitcoin in December 2025,3795,1272.0,False,positive,80,10,10,Bitcoin|Profitability
LUcxzysDPiM,How to Trade Consistently Profitably in a Bear Market,2210,1042.0,False,positive,80,10,10,trading strategies|bear market
Gg46FvojWYE,Bitcoin Drops Sharply! Minestack Analysis Update for December 2025,5563,512.0,True,negative,20,60,20,Bitcoin|minestack analysis
61xxiVoZ7gM,Crypto Predictions for December 2025: The Month That Will Determine the Fate of 2026!,10769,1551.0,False,positive,80,10,10,prediksi kripto|fate 2026
AVpjX1_ht8E,"Assuming a Crisis is Coming, Here's My Plan to Raise Money Quickly BEFORE It's Too Late!",6650,1198.0,True,positive,80,15,5,krisis ekonomi|perang|investasi
LX26ZH6KQmk,Rp100 Million Given to Random Members… THANK YOU MINESTACK Community!,2828,1265.0,False,positive,90,5,5,donasi|terima kasih
JPjzwD-aqIc,“Beli Crypto Pakai Fear Index?” Crypto = Scam? Identitas Satoshi Nakamoto - feat. Roschamomile,4261,1272.0,True,positive,85,10,5,crypto|meme coin
wvpA-leKzew,Bitcoin is RISING! Is it safe to buy again now? Minestack Analysis Update,10651,1377.0,True,positive,60,20,20,Bitcoin|Minestack Analysis
4yFnYuoB4Vc,"Bitcoin Crashes to $80,000, When Will It Rise Again? Minestack Prediction Update",15343,940.0,True,positive,80,15,5,prediksi Bitcoin|posisi short
n2xEffKK5Xs,The Whole World Downgrades to 3rd World (Poor) in 1 Generation,10997,684.0,True,negative,10,80,10,imigrasi|korupsi|ekonomi
ZVSenwxSjtY,It's More Important to Last Long in the Market Than to Get Out of the Market Quickly,3317,534.0,False,positive,80,10,10,investasi|kepatuhan|pemilihan
elNPa4246lU,Profit Results from Shorting Trash Coins in November,3262,464.0,True,positive,80,10,10,keuntungan|risk management
7SQbBCzAfCU,Here's How to Make Money When the Market Drops,3788,731.0,True,positive,80,15,5,investasi|trading|ekonomi
l6MRnt-h5NA,Has the Bear Market Started? Or Just a Dip and a New High?,11824,1480.0,False,positive,80,15,5,bear market|dip|new high
rYfxxWkg114,How to Profit When the Market is Tough,3232,689.0,True,positive,80,10,10,investasi|pasar|Bitcoin
gFJ2PGRQw0w,"November Crypto Outlook Update: A ""Risk Month"" | Shortseason",9264,611.0,False,negative,20,60,20,crypto market|risk
ChRCOL7p2-A,"November Crypto Predictions: Be Extra Careful, OK?",15657,1165.0,True,positive,70,20,10,prediksi bulan November|Bitcoin|emas
uFNDTms6haQ,Can You Reach 100 Million Rupiah in Crypto and Property Faster? Here's the Secret...,2446,753.0,True,positive,80,10,10,investasi|kripto|properti
Z5l21UJl31o,How to Keep the USD Strong Using BTC Against BRICS & Gold,8264,924.0,False,positive,80,10,10,BTC|BRICS|Gold
ymIDXHmWloU,"Bitcoin Rises Rapidly While Retailers Say ""BEAR MARKET""! Are You Sure?",6486,617.0,False,negative,20,60,20,Bitcoin|Bear market
M1ciOzjIUE4,This Bitcoin Bear Market Is Different…,16850,1211.0,False,positive,80,15,5,Bitcoin bear market|different market
AoNr0xZNxX4,October-to-November Prediction Update: Is Bitcoin Still OTW 144K or Is It Game Over?,8147,1335.0,True,positive,80,10,10,prediksi Bitcoin|investasi crypto
6ieyfOPweos,This is Minestack's BTC Trading Call From 107K To 144K!,8747,1427.0,True,positive,80,10,10,trading call|bitcoin|profit
xDw-8LMLM-Q,"Gold Is Really Down, Bitcoin Is Rising! Here Are the Indicators We Use",7426,1175.0,True,positive,85,10,5,leverage|indikator rahasia|komentar netizen
dZ9Rplw_50U,Gold vs. BTC for the Rest of 2025? Which is the Better Hold?,8672,1422.0,True,positive,80,10,10,diversifikasi|geopolitik|keuangan
r4seUV9UrU8,Why Can Altcoins Crash -80% So Quickly? Post-Morttem: CZ & Trump Playing the Crypto Market!,11217,977.0,False,negative,20,60,20,Altcoin|Crash|Crypto Market
Xbxie6StVL4,Will Crypto Rise or Fall in October? Here's How to Manage Your Portfolio in Ambiguous Market Cond...,5349,1188.0,False,negative,20,60,20,crypto market|portfolio management
HWGsDALU9NQ,Crypto Analysis After the Black Swan Crash Event | Minestack,9197,999.0,True,negative,20,60,20,Crypto Black Swan Crash|Market Analysis
CR792MOatZ4,"Crypto Crashes Completely! Many Are Collapsed! Can Recovery Still Happen, or What Should We Do Now?",23751,1532.0,False,negative,20,60,20,Crypto|Crash
i6rsfvM7FdM,The US Dollar Can Still Dominate the World Using Bitcoin,6349,721.0,False,positive,80,10,10,Bitcoin|Dollar|Global Economy
lVOJBX8GSn4,Profit Strategy 32x Higher Than Bitcoin,4100,470.0,True,positive,80,15,5,risk management|money management
08J3_JkaEC0,Which Meme Coins Could 10X In Q4 2025?,4023,189.0,False,positive,80,10,10,meme coins|investing
1EIM3fUF8xc,Bitcoin Soars! October Proves to Be a Mega Trend,7706,1266.0,True,positive,90,5,5,tren|prediksi|portfolio
nSaJwq_-wi0,Super September Wrong? My Answer…,5028,470.0,True,negative,20,60,20,Brian suka overclaim|Tidak akurat
Wa9CCfyrZiM,Crypto Predictions for October 2025: Ready for a Crazy Rise or Sell Before It Crashes?,19460,1140.0,True,positive,80,10,10,prediksi crypto|strategi navigasi
kfVWAiza6pA,Revisi Bullish Thesis XPL & Memes Plasma Network,9610,761.0,True,positive,80,10,10,XPL|plasma network|meme coins
zidRuNfGtnQ,Will the Price Surge Rapidly From Here? Or Is It Game Over for Crypto? Let's Calculate the Probab...,12097,1297.0,True,positive,70,20,10,prediksi harga Bitcoin|manajemen uang
Y4kz0bcg7Ns,Crypto Bear Market or Octobull Setup? Minestack Analysis,9671,990.0,False,positive,80,15,5,Crypto Bear Market|Octobull Setup
BrZaXFjnbEI,Giveaway Rp100Juta For Random Subscribers.,7852,800.0,True,positive,80,10,10,giveaway|Bitcoin
hrqdJEuGskY,Is Crypto Already a Bear Market or Will It Continue to Rise?,12437,1462.0,True,mixed,60,20,20,Crypto Market|Investment Strategies
75x1HGucals,Challenge Buy $100K Sell $1M Profit (DO NOT Imitate),6118,1048.0,True,positive,80,10,10,investasi|saham
qPDgauYZSh8,EMERGENCY Crypto Update: Super September Batal?,15228,2881.0,False,positive,80,10,10,Crypto Update|Super September
Jkar6lhYC2Q,"When playing crypto, you MUST know the right way to take profits. Here's how...",9851,846.0,True,negative,10,80,10,risiko|manajemen risiko
-eA3bZrkKRk,Super September! Minestack Crypto Prediction Update,15601,1113.0,True,positive,90,5,5,prediksi|crypto|saham
whugiMdckgw,Hundreds of Millions Will Die. I Hope I'm Wrong This Time...,41438,926.0,False,negative,0,100,0,apocalypse|concern|fear
qH9r64EtEyY,"Already 5x Profit From HYPE… From Here Onward, Will It Continue Up Or Down?",11044,697.0,True,positive,80,10,10,coin hype|Bitcoin
dPEaOBa-Osw,"It Only Takes 1 DOGE Trade to Earn IDR 1.3 Billion, BUT There's One Important Note...",18234,695.0,False,positive,80,10,10,keuntungan|trading
SMJN-zIrfz0,Bitcoin Peak Prediction - Discuss Crypto While Eating Duck,10420,1251.0,False,positive,85,10,5,Bitcoin|Crypto
s4rq4k_JW-Q,This 1 Trade Will 5-10X Your Capital If Bitcoin Reaches 125K,13309,683.0,False,positive,80,10,0,investasi|bitcoin
Fsv-kqNvbHY,BUY DOGE NOW! The Price Will EXPLODE Soon! Here's the Data & Analysis from Minestack,34708,688.0,True,positive,80,10,10,Doge Coin|Investment|Trading
Mm9Sus_PaRs,Memecoins Results In Super September - Minestack Crypto Analysis,13546,736.0,False,positive,80,10,10,Memecoins|Crypto Analysis
vws1Mtmarrg,BTC's Peak Price Is Exactly This (I'll Pay You Rp100 Million If I'm Wrong!),39962,722.0,True,positive,80,10,10,prediksi Bitcoin|toleransi harga
c0UQ29_lkZg,"As Predicted! Crypto Prices Rise, and Super September Has Started!",12989,1131.0,True,positive,85,10,5,Super September|risk lawan reward
ma7JlKg7O6o,"If the Government Can Print Free Money, Why Are There Still Poor People?",4080,1097.0,True,negative,20,60,20,poverty|conspiracy theories|economic systems
-Cw2HSAZ-T8,This DPR demonstration could explode and become even worse than the 1998 monetary crisis...,6626,1535.0,False,negative,0,100,0,DPR|monetary crisis
ze7PcJ5mInE,"Crypto Will Boom in September, But Many Investors Will Lose Out Due to FOMO!",12262,1103.0,True,negative,20,60,20,FOMO|investor kejebak|risk management
k6y5R1vo0RI,"Get ready for a BOOM in ""Super September"": Minestack Crypto Predictions",23193,652.0,True,positive,80,10,10,prediksi crypto|Bitcoin|minestack
61dxNl69iaI,"Bitcoin Price Drops, But Our Altcoin Portfolio Skyrockets to New ATHs! The Science of Relative St...",6248,652.0,False,positive,80,10,10,Bitcoin|Altcoin portfolio
kJX0ge-vnYI,Shop Until You Die: Today's Money System,5046,779.0,True,negative,20,60,20,sistem perbudakan|konsumerism
D8yDKDkebPE,"CRYPTO PUMP! The Importance of Having Data-Based Conviction, Not Opinion...",9892,948.0,True,positive,90,5,5,conviction|data-based decision making
rIpVae_23Y0,What Do You Buy After Taking Profits Out of Crypto?,5849,731.0,True,positive,90,5,5,investasi crypto|kebijakan Bitcoin
TqxLCKMZjwk,Market Crash Coming?! Tanda-Tanda Bubble Yang WAJIB Diketahui...,8916,770.0,True,negative,20,60,20,market crash|bubble|penipuan
n8o80afS6s4,Which Market Is Ready to Crash Next? Signs of an Impending Bubble...,7962,589.0,True,negative,10,70,20,konsep reflexivity|George Soros
p-hGdSWE-O4,How to Use the Law of Attraction to Quickly Achieve Success and Happiness,2991,738.0,True,positive,85,10,5,law of attraction|success|happiness
6kBkwaI7xpQ,Is This the Bitcoin Super Cycle? Here's the Honest Answer!,10391,658.0,False,positive,85,10,5,Bitcoin|Super Cycle
Vh0laitgMdE,Ini Realitasnya Kalau Mau Kaya Dari Crypto Di 2025/26,7906,765.0,True,negative,20,60,20,risiko|keberuntungan
0DKZcckGL4I,ETH HAMPIR Tembus ATH Baru! Tanda END GAME Dimulai?! 🚀,6319,553.0,True,positive,80,10,10,sabar|enggak rakus
VSQq89yGtZ4,Berita: Emas Sekarang Bisa Diciptakan Pakai Nuklir Reaktor,31915,894.0,True,positive,80,10,10,teknologi baru|nuclear fusion
Px_Nrw9t4pE,Strategi Keluar Masuk Crypto & Investasi Cerdas!,4892,982.0,True,positive,80,10,10,investasi crypto|properti
Ug297LptUlM,Peluang Cari Duit Di Indo SEGITU Bagus Terus Lho Mau Kabur? BODOH! #kaburajadulu,5870,734.0,True,positive,80,10,10,peluang keuangan|indonesia sebagai negara dengan ekonomi terangkat
iXlJyuuCoVA,Crypto Exit Signs in 2025 That You MUST Know,10381,557.0,True,positive,80,10,10,exit signs|crypto market
uUfPQtU4WnQ,"Crypto Predictions for August 2025: Bitcoin & Alts Drop! ""Buy the Dip"" or ""Beware the Bear Market""?",12762,677.0,True,negative,20,60,20,Crypto Predictions|Buy the Dip
hwaMaGSbYMg,Data PribadiMu Dikasih ke CIA... Apa Gak Protes Ya?,4192,680.0,True,negative,10,85,5,data pribadi|kontrol|kebebasan
unY9Kf8Tx5I,The PPATK's Solution: Freeze Your Money. Store Gold? Crypto? Or Flee the Country?,29255,916.0,False,negative,20,60,20,PPATK|freeze money
XQIhTkH75GY,Salah Beli Altcoin TETAP Cuan? Kuncinya di Strategi Risk Management Ini...,3162,600.0,False,negative,20,60,20,risk management|altcoin
b5d69VKihpk,Perang Meledak Di Asia! Kamboja vs Thailand... Indo Berikutnya?,4531,559.0,True,negative,10,80,10,perang|krisis ekonomi|konflik
Kkq_2_FTEq4,XRP: Good Buy or Good Bye in 2025?,19873,612.0,True,positive,80,10,10,XRP|Donald Trump|cryptocurrencies
yNRzfr-vrm0,American Civil War Predictions: Is the World Heading for Chaos?,28009,1266.0,True,negative,20,60,20,Amerika|perang|globalisasi
xghYNruLnBk,2 Good Altcoin Predictions for the 2025 Crypto Altseason,37183,884.0,True,positive,85,10,5,prediksi|crypto|altcoin
8hjpP_tdK3I,"Hukum Crypto Update: ""CLARITY ACT"" Membuka Pintu Buat Semua Bank Masuk Ke Crypto",8534,605.0,True,positive,80,10,10,Clarity Act|crypto|bank
qjtcRtd67vM,AltSeason LET’S GO! Koin PUMP Menghasilkan Cuan 50% Hitungan DETIK!,4345,680.0,True,positive,80,10,10,investasi|pump ICO|sukses
tMPTdriB5lE,Bitcoin Tembus NEW Rekor Harga Tertinggi! Perlu Beli Apa Selanjutnya?,6968,730.0,False,positive,80,15,5,Bitcoin|Harga|Rekor
ABQB7uEuhew,Pump.Fun ICO Predictions Proven! Price Explodes in Minutes!,8777,620.0,True,positive,85,10,5,Pump Fun ICO|crypto|proyek-proyek yang akan performa paling tinggi
bVw3wOAoUx4,Crypto & Stock Predictions: Will They Merge into One Mega Sector?!,3174,792.0,True,positive,80,15,5,crypto|saham|investasi
hHfBz3nyZhs,Take Profit Strategy From Crypto That Is Currently Profitable,3145,680.0,True,positive,80,10,10,take profit strategy|crypto|investment
5hF3OlDs0_E,"Siapa itu yang merubah $10,000 menjadi $8.1Milyar (Rp130T) terus transfer BTC barusan ini?",6830,510.0,True,positive,80,10,10,Siapa itu yang merubah|Ross Obriged
7PyXtnXKBgg,The first thing to invest in to get richer...,2374,676.0,True,negative,0,90,10,tangga ternak uang|asuransi
-HmqvOrwTbA,From 10M to 100M to 1M to 10M - what investment is best at each level?,9012,1237.0,True,positive,80,10,10,investasi|ternak uang
1LIzgH89rNc,What Must Be Done to Stay Safe in Wartime?,7590,1477.0,True,negative,10,80,10,kondisi perang|seasfire
rRmeKRLCmj0,6 Bulan Terakhir Buat Cuanin Crypto | Crypto Update Juli 2025,7799,706.0,False,positive,80,10,10,Crypto Update|Cuanin Crypto
4_-S2R_riQw,How to Get Rich in Crypto If I Start From Zero in 2025...,7602,783.0,False,positive,85,10,5,kriptografi|keuntungan
WcMfO1ndmVs,"Habis Altseason, ShortSeason Dimulai...",4556,572.0,True,positive,80,10,10,short selling|investasi|kripto
T65PwdKa2Xs,Ilmu Uang dari Investor 25 Miliar+ per Tahun!,4156,1393.0,True,positive,80,10,10,kebebasan|pilihan
eLZDZGrHmRI,"Perang Iran, Israel & Amerika Bukan Sekadar Konflik Biasa Guys…",6500,1816.0,True,positive,80,10,10,perang Iran|Israel|Amerika
Bah-IETti6w,Indicators Billionaires Use to Profit from the Market...,2448,529.0,False,positive,80,10,10,indikator|miliarder|profit
K8-8khh5ZUQ,Update Crypto: Sabar Dan Untung Di Periode Ini...,8109,870.0,True,positive,80,10,10,sabar|perubahan harga crypto
JOoOi44XArI,This Is Why Corruption Will Always Exist,2396,908.0,True,positive,80,10,10,korupsi|insentif|penalty
oRZ3mWGtZ4s,3.5 Milyar Uang Saya Naik 35% Dari 1 Koin Ini Minggu Kemarin...,5239,806.0,False,positive,90,5,5,keuntungan|investasi
I_LzBxObqdw,3 Cara Aman Simpan Kripto: Hindari Hacker & Mafia!,4252,917.0,True,positive,80,10,10,keamanan kripto|simpan dana
QuSovymvY-Q,Israel Serang Fasilitas Nuklir Iran. WW3? Analisa Minestack,15166,892.0,False,negative,20,60,20,Israel|Iran|nuklir
Eb3PPmocDjE,Kenapa Lo Belum Kaya?,3598,747.0,True,positive,80,15,5,perbedaan pikiran orang miskin dan kaya|pola pikiran orang miskin vs pola pikiran orang kaya
Z5if8WZnkTA,Pilih Altcoin Yang BENAR! Ini Kriteria Dapat Koin Yang Bagus,6208,751.0,True,positive,80,15,5,pilihan altcoin|kriteria keberhasilan
Lxz9IBG4Lxc,Bitcoin Dip Ke $100K - Layak Dibeli? Atau Better Altcoins? Update Juni 2025,10810,781.0,False,negative,20,60,20,Bitcoin|dip|altcoins
qRZA6GZRNbQ,Putar Duit Ke Mana Setelah Crypto Sudah Memuncak?,6636,774.0,True,positive,80,10,10,investasi|bisnis|keuangan
J_eynuj0EwM,Which Country Will Rule the World After America Falls?,27358,914.0,False,negative,10,80,10,America|fall|world power
h15KMOfb-uY,Harga Crypto Drop… Kenali Konsep “Sell In May Walk Away”,5903,485.0,False,positive,80,10,10,Harga Crypto|Sell In May Walk Away
oWnn0TKCodI,Trader Nge-Long BTC $1Milyar Dan HABIS ke MINUS $3Juta Dalam Waktu 5 Hari. Analisa Minestack,6500,664.0,False,negative,20,60,20,BTC|ke MINUS
L2TkRyyIEko,Altseason Masih Ada Ga Di Sisa 2025?,9381,494.0,False,positive,80,15,5,Altseason|2025
5m1Vzt1H9sU,"Udah Profit Dari Crypto, Cara Amanin Hasilnya Bagaimana?",7924,566.0,False,positive,80,10,10,crypto|investasi|keamanan
JMHeSwVAMUU,Trader Crypto Nge-Long BTC $1Milyar (Rp16Triliun). Analisa Minestack,11889,515.0,False,positive,90,5,5,trading|crypto
YxmtGeFeSBg,Crypto Exit Plan 2025,7718,443.0,False,negative,20,60,20,Crypto Exit Plan|2025
n6z-fyvNE0A,Sudah Cuan Gede Dari Crypto Jangan Balikin Duitnya Ke Pasar! Exit Plan 2025,12281,560.0,False,negative,20,60,20,crypto|pasar
iuVO8mJZC_M,"Bitcoin Naik Sampai Kapan? Tetap Hold, Atau Sudah Waktunya Jual?",13854,613.0,False,positive,80,15,5,investasi bitcoin|keberuntungan
Xt3shojNLbc,Bitcoin's 4-Year Cycle: The End of an Old Pattern?,15894,843.0,False,positive,80,15,5,Bitcoin|cycle|pattern
JuYAjJrSsI0,Kamu Sedang Ada Di Puncak Siklus Ini (Bahaya)!,8063,750.0,False,negative,0,80,20,Bahaya|Puncak Siklus
4d7vrZG20JA,"Baru Kasih Naratif Baru, Besoknya Banyak Yang Moonshot...",7767,597.0,False,positive,80,10,10,investasi|moonshot
NHMZdkwKIj0,Jangan Sampai RUGI Di Kaki Terakhir Crypto 2025,5834,562.0,False,negative,20,60,20,Crypto|Rugi
3SvNNcNj39M,Naratif Baru Yang Masih Bisa Naik 100X Di 2025...,11714,696.0,False,positive,80,15,5,investasi|keuangan
-eDPJvnCiIY,"Cyber ​​Pandemic, Bitcoin & the 100-Year Crisis - ALL HAPPENING NOW!",16235,506.0,False,positive,80,10,10,Bitcoin|Cyber ​​Pandemic
pT0L6Dyi-00,BULLISH 🔥 Trade Deal AS-China! Market Meledak?!,9382,631.0,False,positive,80,10,10,trade deal|AS-China
VVRNLV3CtGY,Memes in 2025: Beware of FOMO or the Chance to Turn 1 Million into 100 Million?,35919,591.0,False,positive,80,10,10,memes|fomo
i6dDp6uMVJ0,Bitcoin Comeback. Bisa Naik Seberapa Tinggi?,9422,701.0,False,positive,90,5,5,Bitcoin|Comeback
tVbCp6_KqKQ,"Kalau Harus Mulai dari Nol, Ini yang Saya Lakukan Buat Jadi Kaya di 2025!",11778,641.0,False,positive,90,5,5,kekayaan|sukses
FsHrcpnB7W8,"Bali Mati Listrik Seharian, Apa yang Terjadi Kalau Satu Negara Ikut Mati?!",16037,827.0,False,negative,20,60,20,Bali|mati listrik
4sjwh0r4RZw,Dampak Nyata Perang Tarif AS-Cina: Siap-Siap Resesi?,38482,664.0,False,negative,20,60,20,perang tarif|resesi
pGMGfUjJoXE,"Listrik Mati, Pope Wafat, WEF Ganti Pemimpin: Dunia Sedang Diatur?!",85297,784.0,False,negative,10,80,10,WEF|pemimpin|dunia diatur
MOI5c-mu9QI,2030s CRISIS: You Only Have ±4 Years to Prepare Everything...,287787,816.0,False,negative,0,100,0,2030s|crisis
6x2IcYKLvq4,"Forecast Bitcoin Mei 2025: Mulai Masuk Fase ""End Game""?",21098,648.0,False,positive,80,15,5,Bitcoin|Mei 2025|End Game
T1bg4-4N1Ms,Pasar Global Lagi Bull Atau Bear Market?,4617,689.0,False,negative,20,60,20,bear market|global market
2Um04RMSmaw,"Disaat Bitcoin Barusan Roket, Justru Harus Ingat 2 Aturan Warren Buffett Ini...",7194,387.0,False,positive,80,10,10,investasi|Bitcoin
T6aPxkPglts,"Disaat BTC Sentuh 93K, Ini Yang Saya Pikirkan Soal Crypto...",5018,480.0,False,positive,80,15,5,BTC|crypto
TuCjxivhT68,Emas vs Bitcoin: Lebih Baik Beli Yang Mana Di 2025?,4512,443.0,False,negative,20,60,20,Bitcoin|Emas
mMwsmOlGCYE,Crypto Barusan Breakout Keatas! Waktunya Masuk Atau Keluar?,5593,694.0,False,positive,80,10,10,Crypto Barusan|Breakout
flR_xVXUQN0,PREDIKSI: Apakah Bitcoin Masih Bisa Naik Gila-Gilaan Seperti Dulu?,5549,610.0,False,negative,20,60,20,Bitcoin|prediksi|kejut
weYZ31h3klg,Bitcoin April 2025: Volatility Yang Tak Terduga,5857,771.0,False,positive,80,15,5,volatility|bitcoin
l4IH0LONBRA,Crypto Update: Mantra Drop 90% Dalam Waktu 1 Jam!,4608,420.0,False,positive,80,10,10,Mantra Drop|Crypto Update
4sla7MfJ_Xw,Apa kriterianya buat dapat pemimpin yang bagus?,1525,465.0,False,positive,80,10,10,pemimpin|kriteria
I4bBfP-UwQI,AI & Robot Membuat Harga Pasar Naik Atau Turun?,2540,520.0,False,negative,20,60,20,AI|Robotika|Pasar
X5QnI1TlzX4,Crypto Lagi Sepi? Justru Itu Saat Terbaik Buat Masuk!,5551,360.0,False,positive,85,10,5,investasi|kurs|keuntungan
7W0qPcaYvvc,"Ada Duit Nganggur Di 2025, Beli Aset Mana? Emas? Bitcoin? Saham? Properti?",7163,577.0,False,positive,80,10,10,investasi|aset|ekonomi
-JtKgqeSBxE,Ternyata Hidup Irit Malah LEBIH BOROS Biaya Nantinya... Karena 1 Hal Ini...,3127,462.0,False,negative,0,60,40,biaya|boros
WwpfUreZkz4,Apa Tujuannya Trump Menjatuhkan Pasar Dunia Pakai Tariff?,10582,752.0,False,negative,20,60,20,Trump|pemerintahan Trump
DqzrB-uPrkA,Rahasia Performa 240x Lebih Hebat Terungkap Lewat Eksperimen Tikus!,4656,644.0,False,positive,80,10,10, Rahasia Performa|Eksperimen Tikus
47S-qhBpV1s,Dampak Tarif Baru AS Ke Ekonomi Dunia & Indonesia,10039,599.0,False,negative,20,60,20,tarif|AS|ekonomi
k3VqrMNdB6s,Prediksi Bitcoin April 2025: BTC Siap Lari Lagi... Tapi Lari Naik Atau Lari Turun?,20394,720.0,False,positive,80,15,5,prediksi bitcoin|pergerakan harga btc
UMpr1C8Vw88,Negara Mana Yang Terbaik Buat Tinggal: Opini Bryan,3314,479.0,False,positive,80,10,10,Indonesia|Bryan
QTjiP9HMmjk,Apakah Crypto & Bitcoin Masih Worth It Di 2025? Ini Datanya...,5458,623.0,False,positive,80,15,5,keberuan|prosperitas
EERybrebKuk,From Zero to 10M - How to Do It in 2025?,6045,478.0,False,positive,80,10,10,sukses|inspirasi
WDj_Y265GT4,Pola Pikiran Orang Kaya Justru Berbeda...,3166,491.0,False,positive,80,10,10,kehidupan kaya|perspektif orang kaya
9OnHByP8IMw,Market Turun Semua! Cuma Ini Yang Masih Bikin Cuan...,4039,531.0,False,unknown,0,0,0,
KNnsB4JZ3-E,Hasil Short Bitcoin Barengan Whale $400Juta…,4413,598.0,False,positive,80,15,5,Bitcoin|Whale
qmqCvc9QGfA,Rumus Ini Yang Dipakai Kalau Mau Lebih Kaya Dan Bebas,3987,568.0,False,positive,80,10,10,kekayaan|bebas
j67V2yHbP-c,Bitcoin Siap Naik Lagi Atau Mau Lanjut Turun? Update BTC Di Tengah Maret 2025...,8900,643.0,False,positive,80,15,5,Bitcoin|Maret 2025
7mIWLB_gU08,Strategi Bisnis Apa Yang Paling Menjanjikan Di 2025?,10461,481.0,False,positive,80,10,10,strategi bisnis|pemasaran|ekonomi
T1VE9rorIA0,Tips Bisa Hasilkan Uang Lebih Banyak & Percaya Diri,2538,717.0,False,positive,85,10,5,menciptakan uang|percaya diri
333tl2Lq2h8,"""Mereka"" Ingin Mengurangi Populasi Kita Dengan Cara Galak...",45634,804.0,False,negative,0,100,0,populasi|mengurangi
Wwd8TVSZPJc,Amerika Resmi Punya Cadangan 200Rb BTC! Dan Ini Efeknya Ke Harga Bitcoin & Crypto,9191,611.0,False,positive,80,10,10,Cadangan BTC|Harga Bitcoin
2LsG5FAdxIo,Bitcoin Akan Ke $1Juta! Kapan Dan Kenapa?,10042,538.0,False,positive,80,10,10,Bitcoin|Masa Depan|Keberuntungan
gn89C20ecy8,Motivasi Buat Jadi Multi-Milyarder…,2930,834.0,False,positive,90,5,5,motivasi|berhasil|milyarder
wZg939hPy2w,Manusia Akan Segera Digantikan Dengan Robot di Tempat Kerja... Ini Cara Adaptasinya,2461,648.0,False,positive,80,10,10,robotisasi|industri kerja
i9mNkSYs7PI,Crypto Reserve AS Akan Dorong BTC Naik… Tapi Kapan? (Deep Analysis),6787,754.0,False,positive,80,10,10,Crypto Reserve|BTC|analisis
ip_hshfG5Cg,Berita Trump & CRYPTO RESERVE AS: Apa BTC Siap TERBANG? Reaksi Minestack...,6145,982.0,False,positive,80,15,5,Trump|crypto reserve
aiC4LvSXGvY,Kepada Anda Yang Ingin Duit Buat Serok BTC Banyak...,6373,523.0,False,negative,0,95,5,serok BTC|duit
jS-IzeHWbiE,"‼️ KRISIS PROPERTI‼️ HIDUP MAKIN SULIT, SIAP-SIAP TERJERAT! 😨",13983,1348.0,False,positive,90,5,5,terjadinya bencana|persiapan darurat
4zNX1zzEs5k,Update Bitcoin Feb-Mar 2025 & Ilmu Risk Management,8694,647.0,False,positive,80,15,5,Bitcoin|Ilmu
HfCWwWZBC9I,Cara Profit Dari Bitcoin Di Feb-Mar 2025 | Minestack,4867,1076.0,False,positive,90,5,5,keuntungan|investasi|bitcoin
DodPAgbgA2s,Sukses Berkat Partner Yang Tepat…,3339,993.0,False,positive,90,5,5,sukses|partner
BBbmweSwujg,When Will It Rise Again? Crypto Market Update February 2025,12656,920.0,False,negative,20,60,20,crypto market|price drop
tYwXQXgrjvk,Bukan Lagi Altseason Tapi sAltseason…,11022,1237.0,False,positive,80,10,10,gaming|altseason
zHjCT0Ye_-I,Ini Scam/Penipuan Terbesar Sepanjang Sejarah… | Minestack,10357,878.0,False,negative,0,100,0,scam|penipuan
NfmmywPAXGI,Cara Tetap Profit Meskipun Market Berdarah Ga Jelas,5949,747.0,False,positive,80,10,10,investasi|keuntungan|manajemen risiko
cEllDGh2Lxg,Apakah Crypto Berubah Karena Trump Jadi Presiden?,10623,812.0,False,positive,80,15,5,Trump|Crypto|Presiden
o-vBSu6_L78,Altcoins ANJLOK -90%... Apa Masih Bisa Recover? Next Harus Apa? Kalau Nyangkut Bagaimana?,22434,1507.0,False,negative,20,60,20,Altcoins|ANJLOK
4_vag09kq5o,Altseason Telat Atau Batal? Data Terbaru Ini Merubah Semuanya...,32204,1755.0,False,positive,80,10,10,Altseason|Telat Atau Batal
DvnvYhzpChc,Disaat Altseason BOOM! Pikirkan Cara Exit & Take Profit Mulai Dari SEKARANG...,21133,547.0,False,positive,90,5,5,Altseason|Exit|Take Profit
qfk2fN7vrqw,Berapa Akurat Berita Buat Tahu Market Akan Pump Atau Dump?,21588,1062.0,False,negative,10,80,10,pump|dump
5iTU9M4fzR8,Sekarang Up Only. Tapi Hanya Kalau Kamu Berani Serok Pas Pasar Berdarah Merah,16493,1051.0,False,negative,0,100,0,serok|pasar|darah
xdpMAr6pJco,Crypto Bergerak Sesuai Ramalan Kan? Review Prediksi Januari 2025,16759,848.0,False,positive,80,10,10,Crypto Bergerak|Ramalan Kan
aKX4JLFtGGM,Reaksi Aku ke Tips Duit dari Squid Game Yang Aneh...,4798,666.0,False,positive,80,15,5,reaksi|duit|squid game
yFbqs3yuuAQ,"Trust Issues: Cara Tahu Siapa Yang Bisa Kamu Percaya Dalam Hidup, Bisnis & Kesehatan",6751,867.0,False,positive,85,10,5,percaya|hidup|bisnis
-yAHjh6YqYU,5 Tips Cara Prediksi Pasar Dengan Akurasi 95%,11277,837.0,False,positive,90,5,5,prediksi pasar|akurasi
WxA7qeT1jX0,Kamu belum kaya karena belum paham efisiensi buat jadi kaya,8326,964.0,False,positive,80,15,5,kekayaan|efisiensi
aFKkOV5HpiU,"Kenali ""Volatilitas"": Jurus Rahasia Jadi Crazy Rich Kaya Di 2025",13044,644.0,False,positive,80,10,10,kekayaan|investasi
MBpD_TFYTS0,Review Prediksi Crypto Tahun Baru 2025...Kembali Ke Akurasi Hampir 100%,16937,780.0,False,positive,90,5,5,prediksi crypto|akurasi
_7fjYDYnSio,"""CrYpTo RiSiKo tInGgi"" Katanya... Tapi Kok Banyak Orang Kaya Dari Crypto Tahun Ini Dan Tahun Depan?",7668,795.0,False,negative,20,60,20,crypto|kaya
HFdjRs5A1_4,Kalau Sekolah Itu Scam... Kenapa Harus Begitu? Dan Apa Solusinya?,6977,619.0,False,negative,20,60,20,pendidikan|sistem pendidikan
pZktEGS_-hQ,"How to Succeed in 2025: Use a New Year's Contract, Not a New Year's Resolution",18123,999.0,False,positive,90,5,5,manfaat kontrak tahun baru|menghindari resolusi tahun baru
g-pQXtvbjoY,Fartcoin: Profit 5000%+ Dari $20Juta ke $1.2Milyar,18569,691.0,False,unknown,0,0,0,
qAYDbVAkdQ4,Google Willow Chip: Kematian Bitcoin?,21635,574.0,False,negative,20,60,20,Google Willow Chip|Bitcoin
d3jqaFa9PNU,Akhirnya salah satu ramalanku salah... (Des 2024),21676,818.0,False,negative,0,100,0,kegagalan|kesal|kecewa
dsM1glExQRg,5 Important Rules for Locking Down Risk in Crypto,10228,833.0,False,positive,80,15,5,risiko|kripto
js5X5b8_5HU,Donald Trump & PM Thai Dua2nya SALAH (Soal Puncak Bitcoin di 2025),11714,726.0,False,negative,20,60,20,Bitcoin|PM Thai Dua2nya
xf2fTg6LVg4,5 Aturan Penting Untuk Cuan Aman Di Crypto,13701,944.0,False,positive,80,10,10,keamanan|crypto
X0CJeSaXP-c,Jadi SULTAN Crypto Di Bulan Desember! Ramalan Dec Yang Terbukti 100% Akurat!,20315,1033.0,False,positive,80,10,10,ramalan|sultan crypto
Tf5-62CM6bA,Belanja Rp100Jt Sambil Bagi Tips Cuan Di Kripto & Bisnis | VLOG,7898,2034.0,False,positive,80,10,10,kripto|bisnis
KzKPdPqf4Fw,"Bitcoin TIDAK Akan Tembus $_____ Kalau Tembus, Saya Akan Kasih 1 BTC Gratis Ke _____",17307,690.0,False,positive,90,5,5,Bitcoin|gratis
6tE67a2u8z4,"To those of you who want to be rich, but are worried because you have other responsibilities/expe...",9904,818.0,False,positive,80,10,10,keberuntungan|pemimpinan
aWdya8CTdLA,Mau Jadi Kaya Ya Harus Jago Tarik Ilmu Orang Kaya Dong…,9921,851.0,False,positive,80,10,10,keberuntungan|ilmu|pencapaian
eL4mN_9I3Nk,"Influencer Ini Menjual ETH, PAS Di Harga Paling Bawah... LOL!",14243,524.0,False,positive,80,10,10,influencer|eth|harga
-1IXPGG2eMo,Bitcoin Gagal Tembus $100k... Terus Altseason Apa Batal?,22166,644.0,False,negative,20,60,20,Bitcoin|Altseason
favQN60_wCY,Phantom Wallet Tutorial: How to Setup an Account & Buy Memes,53222,691.0,False,positive,80,10,10,tutorial|memes
xT8hCsMoXV4,Here's My Portfolio in Crypto: MineStack Members' Results,35547,1558.0,False,positive,80,15,5,hasil|keuntungan
eGs02V_nwT8,"""Sudah Punya 1M Baru Invest""... Yang Benar Aja?! The REAL Jalur Jadi Milyarder Muda",10962,415.0,False,positive,80,10,10,investasi|milyarder
xg9wWqpAogI,Gokil! Prediksi November 100% Tepat! Memes MELEDAK! Tapi Puncaknya Kapan?,17065,888.0,False,positive,80,10,10,prediksi|memes
WdOBkWlvNOw,Cuan 100x Di Crypto Kali Ini Bisa ASAL Anda Ingat 5 Aturan Ini...,19193,625.0,False,positive,80,15,5,investasi|crypto
dwtzkdlVtws,159 Dari 193 Negara Pilih BRICS Pay Daripada Dollar/SWIFT...,23922,772.0,False,positive,80,10,10,ekonomi|politik
v07wsE-HiTE,Cuannya Crypto Memang Gila... Tapi Harus Pakai Cara Yang Aman!,6902,603.0,False,positive,80,10,10,Crypto|Cara Aman
usWJBiBIJyM,Cara Gaji Pegawai Mis. 10Jt Buat Dapetin Mis. 100Juta Tiap Bulannya...,6519,575.0,False,negative,0,80,20,gaji|pegawai
lQ5jQ1roUjs,Dapat FREE Rp100Juta Atau Minum P*p*s Sendiri: Update S&K 2 Nov 2024,6218,302.0,False,negative,0,100,0,free|p*p*s
uuk_57g12F8,You Only Need These 5 Assets to Become Rich,171328,860.0,False,positive,80,10,10,keuntungan|investasi
wnhV6Ai8s6U,"Dari $1,000 Menjadi $398,000,000. Kenali Raja Crypto GCR",13442,913.0,False,positive,80,10,10,keuntungan|investasi|crypto
a--FconW6U4,Scam Crypto Terburuk Se-Indonesia?,6795,570.0,False,negative,20,60,20,scam|crypto
0JcJQZs8SGQ,Top Altcoins Untuk 2024-2025 Altseason: Crazy Rich By March 2025,30513,933.0,False,positive,90,5,5,Altcoins|2024-2025 Altseason
nxVbNznBi-w,Crypto Market Scalping: How Much Profit Can You Make?,6386,588.0,False,positive,80,10,10,scalping|profit
koJFmeXBpIM,Reaksiku Sudah Terkenal Jago Di Crypto Malah Di Tiru Influencer Crypto Lain...,7228,626.0,False,negative,0,100,0,influencer|crypto
JDCucUC2tu4,"100% Akurat! Crypto BENARAN ""Up Only"" Sesuai Prediksi Uptober 2024...",12012,895.0,False,positive,80,15,5,Crypto|Prediksi Uptober 2024
RiY7IOZ0W4M,Buy a Lambo? Find a Second Wife? What to Do After 100X Your Profits from Crypto?,10815,602.0,False,positive,80,10,10,crypto|wealth|advice
jnXOFGbVL-o,"Indonesia Kaya Tapi Rakyat Miskin: Ini Caranya Orang Asing ""Curi Habis"" Kekayaan Indo Secara Legal",27598,571.0,False,negative,20,60,20,kekayaan Indo|penyalahgunaan
OpC1ZZ8qqi0,"Koin Meme ""M"" Sudah Naik 5X Dan Kejar Target Final 300x...🚀🚀🚀",11575,840.0,False,positive,90,5,5,keberuntungan|koin
GUkM2Cart50,"It's Official: The US Dollar Is Dead, Defeated by the BRICS...",531289,502.0,False,positive,90,5,5,BRICS|US Dollar
I92Etk0xyEY,100X Bull Run Telah Dimulai: Crypto Review October 2024,19009,817.0,False,positive,80,10,10,crypto|investasi|bull run
Ipl1ON98AlU,Ilmu Cara Bentuk Realitasmu Sesuai Dengan Impianmu (Self-Hypnosis),3500,489.0,False,positive,90,5,5,self-hypnosis|motivation
ucsh1T2hX4g,Cara Evolusi Dirimu Sampai Pantas Pegang Ratusan Milyar...,7552,458.0,False,positive,80,10,10,keberhasilan|penghasilan
NPxRZcSJ8gc,"""$7,956 Profit Jadi $2,542,498"" Di Komunitas VIP MineStack...",9278,388.0,False,positive,95,0,5,keuntungan|komunitas
n5qYJSauD24,Iran Nge-bomb Israel Menyababkan BTC dan Alts CRASH Katanya... Berapa Dalam Tapi Koreksinya?,10421,489.0,False,negative,20,60,20,Iran|Israel|BTC
A8g52VpxaEY,3 Kriteria Pilih Altcoin Yang Naik JAUH Diatas Bitcoin Menuju 100X || XRP Army Masih Ada Harapan Ga?,13261,421.0,False,positive,80,10,10,Altcoin|Bitcoin|XRP Army
6XmDd47ey3o,Altcoins Siap BOOMING Soon... 100X Coming... Ini Tanda-tandanya...,21548,549.0,False,positive,80,10,10,Altcoins|BOOMING
k-WEPqfAHxg,Harga Kripto Sudah Mulai TERBANG Menuju 100X! Ini Prediksi MineStack Sepanjang Sep-Oct 2024,17178,1059.0,False,positive,90,5,5,harga kripto|prediksi mineStack
lGFh_WrRcvA,Cara Hancurkan Negara dengan Senjata Nuklir...,15298,539.0,False,negative,0,100,0,senjata nuklir|negara
0Up5P5xXAfQ,"Kalau Kamu Lagi DOWN, Tetap Bisa Cepat SUKSES Dengan Tips Ini...",3179,394.0,False,positive,90,5,5,motivasi|inspirasi
5m_xZw8O2Ig,Altcoins Siap TERBANG 30-100X! Tapi HANYA Koin-Koin Jenis Tertentu...,11548,314.0,False,positive,80,10,10,Altcoins|Tumbuh|Investasi
iGRQcBUd1Qc,Hidupmu lebih besar daripada ukuran dompetmu...,4003,481.0,False,positive,90,5,5,kebahagiaan|pemimpinan
2fEJ4S717cs,Kebiasaan Bryan,2015,200.0,False,positive,80,15,5,kebiasaan|bryan
kSeL1_tl2Ss,Habit Orang Kaya: Sisi Bagus Dan Sisi Jeleknya...,2206,275.0,False,positive,80,10,10,orang kaya|sisi bagus
EU1Teg3ItK0,"Apa Benar Bitcoin Bisa Tembus $1Juta? Lalu, Kapan?!",11279,470.0,False,positive,80,10,10,Bitcoin|keuntungan
dk_psuxm7uY,How to Store Crypto Using Ledger Wallet (Safe from Hacks and Rogue Exchanges)...,9155,406.0,False,positive,90,5,5,keamanan|pemilihan wallet
H2vBRh-TVJM,"If You Want to Be Rich But Are Stuck at Work, Watch This...",6397,583.0,False,positive,80,10,10,keuangan|pekerjaan
k0pyJeLP75w,Indodax Hacked for $22 Million! Secure Your Crypto Now!,13840,982.0,False,negative,0,100,0,Indodax|hacking
8n4e13aTNg4,How to Have Anything Without Spending Money! (Seriously),6857,560.0,False,positive,90,5,5,manfaat|ekonomi
56v9gwyrQrw,Crypto Jadi Naik 100X Ga Sih? Apa Bitcoin Sudah Lewat Puncaknya Dan Sekarang Siap Anjlok?,15861,543.0,False,positive,80,10,10,Bitcoin|crypto
lCUumoLDF9o,Krisis Biaya Hidup: Kenapa Semuanya Naik Harga 50% Dan Akan SEMAKIN Parah...,10100,507.0,False,negative,0,100,0,biaya hidup|naik harga
ZSX_acDam90,Rules of Trading... Konsisten Profit Dan Aman!,4694,429.0,False,positive,80,10,10,konsisten profit|aman
zjSjHqdp63o,"Why are Indonesian people so poor, even though Indonesia is rich in natural resources?!",11326,363.0,False,negative,0,80,20,poverty|resource abundance
_oevtSeEyhc,How Billionaires Predict Market Crashes So They Know When to Exit and Stay Safe!,37826,713.0,False,positive,80,15,5,investing|market crashes
p0TPVX_kg4A,Cara Hindari Loss Saat Market Tiba-Tiba Crash Besar,6407,506.0,False,positive,80,15,5,investasi|manajemen risiko
a_0oe3dCWWo,"Sudah Punya Duit, Gimana Bisa Tetap Happy?",3040,291.0,False,positive,80,10,10,manajemen keuangan|kebahagiaan
-AE4X3eWUI8,"Strategi & Psikologi Bisa Serok Crypto Pas Dibawah, Panen Profit Pas Diatas!",7626,713.0,False,positive,90,5,5,strategi|psikologi|crypto
9gPjM3MOnu0,Rahasia Mau Kaya Dari Nol Yang Belum Pernah Anda Dengarkan Sebelumnya...,6678,544.0,False,positive,80,10,10,mystery|paranormal
QH4ZKLCskSk,Apakah Dollar US Pasti Runtuh?,5173,432.0,False,negative,20,60,20,Dollar US|Runtuh
45-CaF-g09E,4 Kriteria Pilih Aset Buat Investasi Jangka Panjang (Tanpa Bias),4138,482.0,False,positive,80,10,10,investasi jangka panjang|aset investasi
grPXq4PX__0,Cuan 6X Dari Koin Meme Ini... Apa Masih Bisa Naik Lagi Atau Sudah Terlambat?,7282,602.0,False,negative,20,60,20,Cuan|Meme
mVHhCJ-TEwI,"There's a Major Crisis in 2029, and Here's How to Deal With It...",38146,729.0,False,negative,20,60,20,future crisis|preparation
RLf1alILy3Q,Kalau Mau Kaya Dari Properti Hanya Ada 1 Cara Ini...,2609,564.0,False,positive,80,15,5,investasi|properti
MIC3CaJrq28,Ikut Libur Bareng Dan Cuan Dari Coin2 Ini,4124,407.0,False,positive,80,10,10,uang|keuangan
HvlPXRknQys,Trump HIDUP. Trump MENANG. Dan 1 Koin Ini Ikut Naik Roket Tinggi!,6312,270.0,False,positive,90,5,5,Trump|menang
Qjj1SlOsg98,Influencer Crypto DIPERIKSA? Prinsip Jadi Kaya Dan STAY Kaya!,7774,587.0,False,positive,80,10,10,Crypto|Influencer
Jjc7HHh8nuc,"""Winner's Mentality"" Dare to Snatch BITCOIN at 53K!!",12568,1016.0,False,positive,90,5,5,keberanian|pikiran pemenang
I0pLeJC4Zvw,Prediksi Harga dan Waktu Puncak Bitcoin Pakai Indikator + Pola Ini...,23885,507.0,False,positive,80,10,10,Bitcoin|Prediksi harga
WbuYFofNLt4,Hasil Prediksi Bitcoin Juni 2024: 100% Akurat!,22117,822.0,False,positive,90,5,5,prediksi bitcoin|akurasi
LMzcvakVEns,GRATIS Rp100 JUTA Cukup Subscribe Aja! Bukan Clickbait! (Ada Update S&K Penting),5490,384.0,False,positive,80,0,20,gratis|Rp100|Subscribe
P3373dEtHv8,"Bitcoin to $100k before ___. If not, I'll give Rp. 100 million to 1 MineStack subscriber.",19851,476.0,False,positive,80,10,10,keuntungan|investasi|mining
4R-XCiX-cFw,Rahasia Mengapa Jadi Nasabah Prioritas Bank Itu Bodoh,10234,281.0,False,negative,0,80,20,nasabah|prioritas
9VDjx9pTlJc,"Altcoin Jatuh, Bitcoin Stabil: URGENT UPDATE | 19 Juni 2024",9520,355.0,False,positive,80,15,5,Bitcoin|Altcoin
7o7pVfserxg,Update Penting Tentang Digital ID Yang Akan Kontrol Hidupmu...,4168,382.0,False,negative,0,100,0,Digital ID|Kontrol Hidupmu
LSurmqckeco,Trump Pasti Jadi Presiden dan PBB Menyerang Petani,4632,740.0,False,negative,20,60,20,Trump|Petani
TKlbalpT15w,Ini Hasil Analisa Minestack | Juni 2024,5513,367.0,False,positive,85,10,5,hasil analisa|minestack
ov2-1kUY1Rk,Apa Sudah Bisa Serok Bitcoin Setelah Drop Dari $71K ke $68K?,6228,486.0,False,positive,80,10,10,Bitcoin|serok
AO202UcMH-c,Spill Meme Coins Apa Saja Yang Kita Koleksi di Tengah 2024?,20990,565.0,False,positive,80,10,10,Spill Meme Coins|Koleksi
0hm2q-b4CGA,Kok Bisa Kita Cuan Segitu Banyak Dari Ethereum? Karena Kita Ga Dengarin Berita...,3253,429.0,False,positive,80,10,10,Ethereum|investing
sR-JG-byFvo,Tips Cara Prediksi Akurat Dan Cuan! Cara MineStack Sering Kasih Prediksi Yang Akurat,4800,684.0,False,positive,80,10,10,prediksi akurat|MineStack
goO-ceTkZyY,Ikut Gratis di Live Streaming 25-26 Mei 2024 (1 Year Anniversary),1801,354.0,False,positive,90,5,5,pulang beli|live streaming
B7vAmzaq7RU,Era Baru Keuangan Dunia (Ini Bahaya Buat Masyarakat/Mayoritas),9040,609.0,False,negative,10,80,10,keuangan|masyarakat
XDdU5HcVl_s,Ini Untuk Anda Yang Masih Ragu Belum All In ke Bitcoin...,7183,364.0,False,positive,80,15,5,investasi|keberuntungan
Ib7wnF0n1eo,"Cara Cuanin 3 Crypto News Mei 2024 || BTC Halving, ETH vs SEC, Pemenjaraan CZ",6309,581.0,False,positive,85,10,5,BTC Halving|ETH vs SEC
69kN1t3-heY,Kenapa Hanya Segelintir Orang yang Bisa Kaya?,6135,491.0,False,negative,20,60,20,miskeseharian|kekayaan
47t129zuF8I,"Interview Seorang ""Crypto Whale"" yang SEROK BTC sejak $1000/BTC. Paul Counsel || MineStack",8636,5027.0,False,positive,90,5,5,investasi bitcoin|wawancara
EyDVYSz0MHk,Membangun Tim Impian untuk Sukses Bisnis,1302,458.0,False,positive,90,5,5,bisnis|tim impian
o6ScO7J2iDs,Teknik Yang Saya Pakai Buat Selalu Mencapai Goal Saya...,2684,387.0,False,positive,90,5,5,motivasi|inspirasi
OJ6Q3kM4DHo,"Yang Ketinggalan Ombak Pertama, Ini Cara Cuanin Ombak Kedua Crypto Altseason 2024-2025...",10793,432.0,False,negative,20,60,20,crypto|altseason
ShS-sKQBzaI,Kekayaan di Luar Nalar: Koleksi Seni Triliuner dari Picasso hingga Mummi Mesir,5332,376.0,False,positive,80,10,10,seni|makanan|budaya
zuYP1PN6-zk,"Cara Pakai ""Marketcap"" Buat Pilih Altcoin Berpotensi 100X",17964,383.0,False,positive,80,10,10,Altcoin|Marketcap
OpyIo0PwNoY,Tips Sukses Lebih Cepat Sambil Makan Es Kacang 200Rb,1359,349.0,False,positive,90,5,5,tips|es kacang
DztFDEBuQ9Q,Crypto Bull Run Malah Bangkrut? Pelajaran Mahal Dari Billionaire Bangkrut...,24323,640.0,False,negative,20,60,20,Crypto Bull Run|Billionaire Bangkrut
oZ6rUwYPYU0,"Which Altcoin Will Rise 100X? We Could Actually Profit 22,333X...",66428,586.0,False,positive,90,5,5,crypto|investing
wKTwo9vGhTU,Kenapa Selalu Minoritas Kaya Mayoritas Miskin?,5456,435.0,False,positive,80,15,5,sosial ekonomi|keberagaman
I8tVZ_NuABE,Siap-Siap BOOM! Prediksi Crypto dan Bitcoin 2024 Part 2,12368,470.0,False,positive,80,10,10,prediksi|crypto|bitcoin
7wiNTJFRoO0,Great Reset 2030 Tak Sesuai Harapan: Apa Langkah Selanjutnya Untuk Kita?,4269,269.0,False,negative,20,60,20,Great Reset|2030|harapan
VWJ1SUbSTWQ,"RESMI Dari NATO: ""Bersiaplah Untuk Perang Dan Bertahan Hidup""",14114,419.0,False,positive,80,10,10,perang|bertahan hidup
4-rDEZXm4kk,Waspada Scammer di Bull Run Crypto 2024-2025: Tips Ampuh Menghindarinya!,9274,719.0,False,negative,20,60,20,scammer|bull run crypto
HakBBwspJ_M,"BITCOIN ETF Disetujui, Dan Ini Dampaknya Terhadap Masa Depan Bitcoin || Analisa MineStack",6812,475.0,False,negative,20,60,20,Bitcoin ETF|dampaknya
DQJBant1ydo,"💥 Bukan Cepat Kaya, tapi Kaya dengan Cerdas! 🚀 Rahasia Investasi yang Wajib Kamu Tahu! 💡",5791,353.0,False,positive,90,5,5,investasi|kecerdasan
sg5zMVCC8MY,"Terungkap: Strategi Licik Blackrock ""Mencuri"" Minyak dari AS || Analisa MineStack",4385,574.0,False,negative,20,60,20,Blackrock|minyak|AS
XSYtjR_2EeY,Bisnis Cerdas: Cara Milyarder Pilih Winning Produk,1826,168.0,False,positive,80,10,10,bisnis cerdas|milyarder|produk
yKcVRVArkdE,"Kita Ada Tanggung Jawab, HARUS Rajin Bikin Banyak Anak😉",2207,248.0,False,positive,80,10,10,keberanian|inspirasi
cooQo1z2Hc4,Cara Amankan Crypto Anda Dari Ancaman Digital & Bursa Nakal,8815,692.0,False,positive,85,10,5,keamanan|bursa
eogzpm585K8,Elon Musk & Aku Disensor Karena Mengungkapkan Kebenaran...,3517,412.0,False,negative,20,60,20,Elon Musk|Aku Disensor
OI6sb0824no,Membagi Dan Menaklukan: Rahasia Kenapa Media Selalu Cipitakan Konflik & Musuh,1899,220.0,False,negative,20,60,20,media|konflik|musuh
Fwjy2EdX83c,Siapa (Atau Apa) Sih Yang Membuat Kita Susah Jadi Kaya?,7002,782.0,False,positive,80,15,5,kaya|susah|membuat
0D18LKXjagM,"Heboh! ""Raja Crypto"" CZ, Kena Hukum Pidana. Apa Artinya Buat Dunia Crypto & Investor?",4912,464.0,False,negative,0,100,0,Crypto|Investor
wkww5t_MLQA,Bisakah Bitcoin JATUH Ke NOL? Analisis Mendalam oleh Pakar Crypto!,4970,438.0,False,positive,80,10,10,Bitcoin|Crypto
vz1_0uuYM-o,"Pahami Bitcoin: Gunanya Buat Apa, Siapa Yang Pasang Harga dan Supply Dari Mana",3298,428.0,False,positive,80,15,5,Bitcoin|Harga|Supply
aigCjJ6E3G0,Pembatasan Akses Internet: Kaitannya dengan Kepatuhan Mandat Pemerintah,1749,102.0,False,positive,80,15,5,kepatuhan mandat|pemerintah
X7N3IT4AKSw,Data Pasar Properti 2024 & Strategi Beli Tanpa DP/Modal Besar,4109,726.0,False,positive,80,10,10,strategi beli|properti|data pasar
HzFweCL4iMU,"""Anda tidak akan memiliki apa-apa dan akan bahagia"" - Diskusi Tentang Akhir Zaman Kapitalisme",3511,433.0,False,positive,80,10,10,akhir zaman|kapitalisme
h0mWIxs_im8,"UMR 40Jt'an, Tapi Kenapa Masih Jadi Budak Di Australi?",2715,322.0,False,negative,20,60,20,budak|Australi
h9veeCsT7e0,Prediksi Pro Crypto Miner Tentang Harga Bitcoin & Crypto Di 2024 (Part 1).,21417,424.0,False,positive,80,10,10,prediksi|crypto|miner
iTMLSnFooX8,Solusi Cerdas: 3 Opsi Buat Akses Internet Saat Internet Di Shutdown/Dibataskan!,5289,466.0,False,positive,90,5,5,solusi|akses internet
Or4y_8ZP7UI,WASPADA Masuk Jeratan HUTANG!,1318,78.0,False,negative,0,100,0,WASPA|HUTANG
rndk0BBsew4,Mengapa Prediksi Kita Selalu Akurat? Dan Kenapa Kita Mau Bagikannya...,3741,380.0,False,positive,80,15,5,prediksi|akurat|bagikan
GXELxKpjLgU,"RESMI: Tunai Mulai Dilarang... Selamat Datang Di ""The Matrix""",4956,381.0,False,positive,90,5,5,The Matrix|RESMI
k4MMM6WVKPw,Negara Indonesia Sudah ALL IN Crypto!,2655,370.0,True,positive,80,10,10,ekosistem crypto Indonesia|BAPPEBTI|OJK
dW8TQuQwOM0,"Konsep ""Budak"" Modern  Di Indo & Jalur Keluarnya...",3036,312.0,False,negative,20,60,20,budak|modern
8mcuitY483Y,Our Freedom MUST BE Defended... Otherwise We Will ALL Become Their Slaves...,6059,675.0,False,negative,0,100,0,freedom|slavery
kpjROz5vV2k,Cara Email Marketing Buat Dapat Upsell...,1599,465.0,False,positive,90,5,5,email marketing|upsell
-M5-KTetm4Q,ALERT! Investor Legendaris MB Memprediksikan ANJLOKnya Ekonomi Amerika Sebelum Tanggal Ini...,2586,452.0,False,negative,0,100,0,ekonomi Amerika|investor
hCLw1cT0D0U,Harga Properti Mulai ANJLOK!📉 Untuk Cuaninnya Ini Yang Harus Diketahui...,2516,491.0,False,positive,80,15,5,harga properti|cuaninnya
pA1SZk0bxIc,The WEF Plans to Create a Second Fatal Pandemic (In 2025?): Here's What They're Hiding,35018,575.0,False,negative,0,100,0,WEF|pandemic
tWsbZS8J6zg,Siapa Yang Curi Kekayaan Indonesia 🇮🇩?,5714,607.0,False,negative,0,100,0,kekayaan|Indonesia
K7WVX33KUSc,"Taktik Perang ""Raja Wall Street"" Buat Menjadi Raja Bitcoin Baru, Sekaligus Bunuh Raja Lama...",3561,517.0,True,positive,85,10,5,BlackRock|Bitcoin|crypto exchange
PMc0eOaJiTM,"DAHSYAT! ""Raja Wall Street"" + 3 Negara Ini Diam-Diam SIKAT Bitcoin Dengan Jumlah BESAR!",7076,667.0,True,positive,80,10,10,investasi Bitcoin|institusi keuangan
MIOwbfrDlVY,Unraveling the Mystery of Silver: How to Buy Physical Silver & Be Ready for the Price Surge!,41899,813.0,False,positive,90,5,5,investasi|emas|hargaperubahan
ynMS1nsGvKk,Silver's Potential To EXPLODE! JP Morgan's FRAUD Exposed,22210,590.0,False,negative,20,60,20,JP Morgan|fraud
sIuBNEgSzcc,Bitcoin Miner Reveals why Bitcoin is Still the #1 ROI Asset for 2024-2025!,5707,655.0,True,positive,80,10,10,Bitcoin|Mining|Crypto Currency
AiIMG0lPR5s,FREE Pelatihan Online Bisnis - LIVESTREAM MineStack Ep.1 (Highlights),2799,3836.0,False,positive,80,10,10,pelatihan online|bisnis|livestream
wjsUJqQ2JtE,Tips Bangun BRAND Yang Sukses,1703,646.0,False,positive,85,10,5,branding|motivasi|sukses
0sQ2Idk8LVY,Is your crypto still safe in Binance after the SEC lawsuit? MineStack's prediction came true!,1461,838.0,False,positive,80,10,10,Binance|SEC lawsuit|crypto
6jeOPE6TZ58,5 Tips Cuan Online Diupdate Untuk 2023,7010,887.0,False,positive,80,10,10,online diupdate|2023 tips
Iixwmvp15PY,"19 Negara Lirik BRICS, Termasuk INDONESIA🔥Ini Reaksi NATO",186096,406.0,False,positive,80,10,10,NATO|BRICS|Indonesia
kj6sy6F7DOo,Your Money Can EXPIRE After 4th July 2023? The outrageous new rules of the Digital Dollar,13351,398.0,False,negative,20,60,20,Digital Dollar|new rules
liQ7YXMC7qA,"Keuntungan Jadi ""Insider"" di Program Membership Channel MineStack",6358,296.0,False,positive,80,10,10,Keuntungan|Program Membership
XrMDAJh8nZ0,"Sistem Sekolah Mati, A.I Merajai? Terus Cara Sukses Baru Harus Bagaimana?",2382,490.0,False,positive,85,10,5,A.I|Sistem Sekolah
d4aFMhzNCKE,Dunia Tak Mau Ada Urusan LAGI Dengan USD... Terus Apa Nasibnya Rupiah?,19479,801.0,True,positive,80,10,10,Dollar US|crypto currency|Sistem keuangan dunia
0cBhnxRHrsY,Nilai Dollar Anjlok?!,1539,543.0,True,positive,80,10,10,prediksi harga Bitcoin|kejadian svb bank|nasihat finansial
IQu0luDvkMo,ChatGPT: Ancaman atau Peluang untuk Tenaga Kerja di Masa Depan? (5872 Views),6034,604.0,True,positive,80,10,10,A.I. sebagai peluang|risiko A.I.|manfaat A.I.
ZmTf6dHUKt8,Serok Bitcoin || Prediksi 2023,17508,802.0,True,positive,80,10,10,prediksi Bitcoin|inflasi|deflation
ap-HzRQ4Gao,Pensiun Dini: Mustahil? BONGKAR Trik Perusahaan!,3332,673.0,False,negative,20,60,20,pensiun dini|perusahaan
dY1ZAfrPSJo,Investment Tips During High Inflation,2702,1144.0,True,positive,70,20,10,investasi|inflasi
TUHgFJG4oYQ,"5 Tips Jadi Orang Kaya, Meskipun Mulai Dari Nol",12643,655.0,False,positive,85,10,5,keberuntungan|pemikiran positif
2U6dFSy7t24,[ETH Merge] Bukti Konkrit Kita Dibohongin Selama Ini!,2624,271.0,True,negative,0,95,5,ETH Merge|Stereo Bakso|Provost
0bJeDIQHlS4,Broker Suka Rahasiakan Ini Supaya Anda Lupa Cara Benar Untuk Jadi Kaya!,2048,567.0,False,negative,0,80,20,penipuan|broker
XEVvkIdFQ54,Cara Buat Penawaran Yang Sulit Ditolak Sama Customer,3699,518.0,False,positive,80,15,5,penawaran|customer service
RMV1yGpBib4,4 Cara PENTING Beresin Masalah Utang (Share Ke Yang Butuh)...,4120,980.0,True,positive,85,10,5,utang|pensiun|investasi
PC1icCfCyCk,Hyperinflation in Indonesia Too? How Should We Prepare?,5433,378.0,False,negative,20,60,20,hyperinflation|indonesia
6A-X-pOFa1U,How to Reach 10 Billion Rupiah If You're Still Far From Your Target (There Are 3 Ways),7821,534.0,False,positive,80,10,10,reaching financial goals|wealth creation
FD1sKdKpY2w,Cari Customer Baru Selalu Pakai Ini...,2896,559.0,False,positive,80,10,10,produk|kepuasan
sFDlI5r_-IY,Kenapa Kok Susah Pensiun Dini?,1429,1067.0,False,negative,20,60,20,pensiun dini|kehidupan setelah pensiun
YHl2PmCbrQ0,A Sales Course For Consultants & Team Leaders,2929,1040.0,True,positive,80,10,10,teknik pusing|closing customer|sukses bisnis
H8Nqo4_1AO8,Alasan REAL Kenapa Banyak Trader LOSS (Dan Kenapa Kami TIDAK Saranin)...,2776,623.0,False,negative,20,60,20,trader loss|saran
cCAaib5VHgU,How to Find Fast-Selling Products in 10 Minutes (FREE COURSE),23128,622.0,False,positive,90,5,5,menghasilkan uang|membuat bisnis online
aYLBeu6l3jc,2 Cara Cuan Di Tengah Krisis,1721,347.0,False,positive,80,10,10,cara mengatasi|krisis keuangan
l9Ka8jpXvLE,Prediksi BTC 2022 ke 2025... BORONG BTC SEKARANG!,2866,365.0,False,positive,80,15,5,prediksi BTC|borong BTC
HZIwNPZz4x4,Prediksi Bitcoin (BTC) UNTUK 2022,5248,1120.0,False,positive,80,10,10,prediksi bitcoin|prediksi harga bitcoin
5ImgohxIUDc,Apa Sih NFT & Web 3.0 (Cara Cuannya Darimana)?,4245,975.0,False,positive,80,10,10,NFT|Web 3.0
